n_renewable,n_non_renewable,n_storage,mw_renewable,mw_non_renewable,mw_storage
0.0,1.0,0.0,0.0,0.0,0.0
0.0,2.0,0.0,0.0,0.0,0.0
0.0,3.0,0.0,0.0,0.0,0.0
0.0,4.0,0.0,0.0,0.0,0.0
0.0,4.0,0.0,0.0,0.0,0.0
0.0,5.0,0.0,0.0,0.0,0.0
0.0,6.0,0.0,0.0,0.0,0.0
0.0,7.0,0.0,0.0,0.0,0.0
0.0,7.0,0.0,0.0,0.0,0.0
0.0,8.0,0.0,0.0,0.0,0.0
0.0,8.0,0.0,0.0,0.0,0.0
0.0,9.0,0.0,0.0,0.0,0.0
0.0,9.0,0.0,0.0,0.0,0.0
0.0,9.0,0.0,0.0,0.0,0.0
0.0,9.0,0.0,0.0,0.0,0.0
0.0,9.0,0.0,0.0,0.0,0.0
0.0,10.0,0.0,0.0,0.0,0.0
0.0,10.0,0.0,0.0,0.0,0.0
0.0,10.0,0.0,0.0,0.0,0.0
0.0,10.0,0.0,0.0,0.0,0.0
0.0,11.0,0.0,0.0,0.0,0.0
0.0,11.0,0.0,0.0,0.0,0.0
0.0,11.0,0.0,0.0,0.0,0.0
0.0,11.0,0.0,0.0,0.0,0.0
0.0,11.0,0.0,0.0,0.0,0.0
0.0,11.0,0.0,0.0,0.0,0.0
0.0,11.0,0.0,0.0,0.0,0.0
0.0,12.0,0.0,0.0,0.0,0.0
0.0,12.0,0.0,0.0,0.0,0.0
0.0,12.0,0.0,0.0,0.0,0.0
0.0,12.0,0.0,0.0,0.0,0.0
0.0,12.0,0.0,0.0,0.0,0.0
0.0,12.0,0.0,0.0,0.0,0.0
0.0,12.0,0.0,0.0,0.0,0.0
0.0,12.0,0.0,0.0,0.0,0.0
0.0,13.0,0.0,0.0,0.0,0.0
0.0,13.0,0.0,0.0,0.0,0.0
0.0,13.0,0.0,0.0,0.0,0.0
0.0,13.0,0.0,0.0,0.0,0.0
0.0,13.0,0.0,0.0,0.0,0.0
0.0,13.0,0.0,0.0,0.0,0.0
0.0,14.0,0.0,0.0,0.0,0.0
0.0,14.0,0.0,0.0,0.0,0.0
0.0,14.0,0.0,0.0,0.0,0.0
0.0,14.0,0.0,0.0,0.0,0.0
0.0,14.0,0.0,0.0,0.0,0.0
0.0,14.0,0.0,0.0,0.0,0.0
0.0,14.0,0.0,0.0,0.0,0.0
0.0,14.0,0.0,0.0,0.0,0.0
0.0,12.0,0.0,0.0,0.0,0.0
0.0,13.0,0.0,0.0,0.0,0.0
0.0,13.0,0.0,0.0,0.0,0.0
0.0,13.0,0.0,0.0,0.0,0.0
0.0,12.0,0.0,0.0,0.0,0.0
0.0,11.0,0.0,0.0,0.0,0.0
0.0,11.0,0.0,0.0,0.0,0.0
0.0,12.0,0.0,0.0,49.0,0.0
1.0,11.0,0.0,15.0,49.0,0.0
2.0,11.0,0.0,19.9,49.0,0.0
2.0,11.0,0.0,19.9,49.0,0.0
2.0,10.0,0.0,19.9,49.0,0.0
2.0,10.0,0.0,19.9,49.0,0.0
2.0,10.0,0.0,19.9,49.0,0.0
2.0,10.0,0.0,19.9,49.0,0.0
3.0,9.0,0.0,473.9,49.0,0.0
4.0,9.0,0.0,473.9,49.0,0.0
4.0,9.0,0.0,473.9,49.0,0.0
4.0,10.0,0.0,473.9,669.0,0.0
5.0,10.0,0.0,599.9,669.0,0.0
5.0,10.0,0.0,599.9,669.0,0.0
5.0,9.0,0.0,599.9,669.0,0.0
5.0,7.0,0.0,599.9,669.0,0.0
5.0,7.0,0.0,599.9,669.0,0.0
5.0,8.0,0.0,599.9,766.0,0.0
5.0,8.0,0.0,599.9,766.0,0.0
5.0,9.0,0.0,599.9,973.0,0.0
5.0,9.0,0.0,599.9,973.0,0.0
5.0,9.0,0.0,599.9,973.0,0.0
5.0,10.0,0.0,599.9,992.0,0.0
6.0,10.0,0.0,628.9,992.0,0.0
6.0,9.0,0.0,502.9,973.0,0.0
6.0,10.0,0.0,502.9,998.0,0.0
7.0,10.0,0.0,527.9,998.0,0.0
7.0,11.0,0.0,527.9,998.0,0.0
7.0,11.0,0.0,527.9,998.0,0.0
7.0,11.0,0.0,527.9,1072.0,0.0
7.0,12.0,0.0,527.9,1096.0,0.0
8.0,12.0,0.0,527.9,1096.0,0.0
8.0,12.0,0.0,527.9,1096.0,0.0
8.0,12.0,0.0,527.9,1096.0,0.0
8.0,12.0,0.0,527.9,1096.0,0.0
7.0,12.0,0.0,527.9,1096.0,0.0
7.0,12.0,0.0,527.9,1028.0,0.0
6.0,13.0,0.0,502.9,1043.0,0.0
6.0,13.0,0.0,502.9,1043.0,0.0
6.0,13.0,0.0,502.9,1043.0,0.0
6.0,14.0,0.0,502.9,1089.0,0.0
7.0,14.0,0.0,542.9,1089.0,0.0
8.0,14.0,0.0,566.9,1089.0,0.0
9.0,13.0,0.0,608.9,1074.0,0.0
10.0,13.0,0.0,624.9,1074.0,0.0
10.0,12.0,0.0,661.9,1068.0,0.0
11.0,12.0,0.0,751.9,1068.0,0.0
12.0,12.0,0.0,760.9,1068.0,0.0
12.0,13.0,0.0,760.9,1192.0,0.0
13.0,13.0,0.0,805.9,1192.0,0.0
14.0,13.0,0.0,845.9,1192.0,0.0
15.0,13.0,0.0,900.9,1192.0,0.0
16.0,13.0,0.0,900.9,1192.0,0.0
17.0,13.0,0.0,965.9,1192.0,0.0
17.0,14.0,0.0,965.9,1291.0,0.0
17.0,15.0,0.0,965.9,1391.0,0.0
17.0,16.0,0.0,965.9,1591.0,0.0
18.0,16.0,0.0,1013.9,1591.0,0.0
18.0,16.0,0.0,1013.9,1591.0,0.0
19.0,16.0,0.0,1041.9,1591.0,0.0
20.0,16.0,0.0,1092.9,1591.0,0.0
20.0,17.0,0.0,1092.9,1611.0,0.0
20.0,18.0,0.0,1092.9,1779.0,0.0
21.0,18.0,0.0,1117.9,1779.0,0.0
22.0,18.0,0.0,1156.9,1779.0,0.0
22.0,19.0,0.0,1156.9,1787.0,0.0
22.0,19.0,0.0,1156.9,1787.0,0.0
22.0,20.0,0.0,1156.9,1829.0,0.0
22.0,21.0,0.0,1156.9,1858.0,0.0
22.0,22.0,0.0,1156.9,1988.0,0.0
22.0,23.0,0.0,1156.9,1988.0,0.0
22.0,24.0,0.0,1156.9,2002.0,0.0
22.0,25.0,0.0,1156.9,2009.5,0.0
22.0,26.0,0.0,1156.9,2350.5,0.0
22.0,26.0,0.0,1156.9,2705.5,0.0
22.0,27.0,0.0,1156.9,2800.5,0.0
22.0,28.0,0.0,1156.9,2997.5,0.0
22.0,29.0,0.0,1156.9,2997.5,0.0
23.0,29.0,0.0,1188.9,2997.5,0.0
23.0,30.0,0.0,1188.9,3019.5,0.0
23.0,31.0,0.0,1188.9,3215.5,0.0
23.0,32.0,0.0,1188.9,3831.5,0.0
24.0,32.0,0.0,1283.9,3831.5,0.0
24.0,33.0,0.0,1283.9,3847.5,0.0
25.0,33.0,0.0,1533.9,3847.5,0.0
26.0,33.0,0.0,1561.9,3847.5,0.0
26.0,34.0,0.0,1561.9,3902.5,0.0
27.0,34.0,0.0,1601.9,3902.5,0.0
27.0,35.0,0.0,1601.9,4017.5,0.0
28.0,35.0,0.0,1661.9,4017.5,0.0
28.0,36.0,0.0,1661.9,4297.5,0.0
28.0,37.0,0.0,1661.9,4315.5,0.0
29.0,37.0,0.0,1807.9,4315.5,0.0
29.0,38.0,0.0,1807.9,4519.5,0.0
29.0,39.0,0.0,1807.9,4709.5,0.0
28.0,40.0,0.0,1791.9,5080.5,0.0
29.0,40.0,0.0,1807.9,5080.5,0.0
29.0,40.0,0.0,1807.9,5080.5,0.0
29.0,41.0,0.0,1807.9,5220.5,0.0
30.0,41.0,0.0,1866.9,5220.5,0.0
30.0,42.0,0.0,1866.9,5313.5,0.0
30.0,43.0,0.0,1866.9,5342.5,0.0
30.0,44.0,0.0,1866.9,5411.5,0.0
30.0,44.0,0.0,1866.9,5411.5,0.0
30.0,45.0,0.0,1866.9,5511.5,0.0
30.0,46.0,0.0,1866.9,5711.5,0.0
30.0,47.0,0.0,1866.9,6261.5,0.0
30.0,48.0,0.0,1866.9,6261.5,0.0
30.0,49.0,0.0,1866.9,6328.5,0.0
30.0,50.0,0.0,1866.9,6517.5,0.0
30.0,51.0,0.0,1866.9,6541.5,0.0
31.0,51.0,0.0,2161.9,6541.5,0.0
31.0,52.0,0.0,2161.9,6552.5,0.0
32.0,52.0,0.0,2212.9,6552.5,0.0
33.0,52.0,0.0,2280.9,6552.5,0.0
33.0,53.0,0.0,2280.9,6650.5,0.0
34.0,53.0,0.0,2314.9,6650.5,0.0
34.0,54.0,0.0,2314.9,6812.5,0.0
34.0,55.0,0.0,2314.9,7097.5,0.0
34.0,55.0,0.0,2314.9,7097.5,0.0
34.0,56.0,0.0,2314.9,7145.5,0.0
34.0,57.0,0.0,2314.9,7154.6,0.0
34.0,58.0,0.0,2314.9,7694.6,0.0
34.0,59.0,0.0,2314.9,7722.6,0.0
34.0,60.0,0.0,2314.9,7822.6,0.0
34.0,61.0,0.0,2314.9,7822.6,0.0
34.0,62.0,0.0,2314.9,7822.6,0.0
34.0,62.0,0.0,2314.9,8372.6,0.0
35.0,62.0,0.0,2359.9,8372.6,0.0
35.0,63.0,0.0,2359.9,8557.6,0.0
36.0,63.0,0.0,2400.9,8557.6,0.0
37.0,63.0,0.0,2450.9,8557.6,0.0
37.0,64.0,0.0,2450.9,9135.6,0.0
37.0,65.0,0.0,2450.9,9429.6,0.0
38.0,65.0,0.0,3630.9,9429.6,0.0
39.0,65.0,0.0,3678.9,9429.6,0.0
39.0,65.0,0.0,3678.9,9506.6,0.0
40.0,65.0,0.0,3695.9,9506.6,0.0
40.0,66.0,0.0,3695.9,10066.6,0.0
41.0,66.0,0.0,3730.9,10066.6,0.0
42.0,66.0,0.0,3754.9,10066.6,0.0
42.0,67.0,0.0,3754.9,10094.6,0.0
42.0,68.0,0.0,3754.9,10506.6,0.0
43.0,68.0,0.0,4009.9,10506.6,0.0
43.0,69.0,0.0,4009.9,11516.6,0.0
44.0,69.0,0.0,4342.9,11516.6,0.0
45.0,68.0,0.0,4372.9,11416.6,0.0
45.0,69.0,0.0,4372.9,11424.6,0.0
46.0,69.0,0.0,4413.9,11424.6,0.0
46.0,70.0,0.0,4413.9,12087.6,0.0
45.0,71.0,0.0,4372.9,12362.6,0.0
45.0,71.0,0.0,4372.9,12362.6,0.0
45.0,71.0,0.0,4372.9,12362.6,0.0
45.0,72.0,0.0,4372.9,12427.6,0.0
45.0,72.0,0.0,4372.9,12298.6,0.0
45.0,73.0,0.0,4372.9,12598.6,0.0
45.0,73.0,0.0,4372.9,12598.6,0.0
45.0,74.0,0.0,4372.9,13034.6,0.0
45.0,75.0,0.0,4372.9,13132.6,0.0
45.0,76.0,0.0,4372.9,13689.6,0.0
46.0,76.0,0.0,4392.9,13689.6,0.0
47.0,76.0,0.0,4509.9,13689.6,0.0
47.0,77.0,0.0,4509.9,14358.6,0.0
48.0,77.0,0.0,4533.9,14358.6,0.0
48.0,78.0,0.0,4533.9,14445.6,0.0
49.0,78.0,0.0,4538.0,14445.6,0.0
50.0,78.0,0.0,4564.0,14445.6,0.0
50.0,79.0,0.0,4564.0,14591.6,0.0
50.0,80.0,0.0,4564.0,14609.6,0.0
50.0,81.0,0.0,4564.0,14615.7,0.0
51.0,81.0,0.0,4623.0,14615.7,0.0
52.0,81.0,0.0,4643.0,14615.7,0.0
52.0,82.0,0.0,4643.0,14925.7,0.0
52.0,82.0,0.0,4624.0,14925.7,0.0
53.0,82.0,0.0,4674.0,14925.7,0.0
54.0,82.0,0.0,4694.0,14925.7,0.0
55.0,82.0,0.0,4944.0,14925.7,0.0
55.0,83.0,0.0,4944.0,15262.7,0.0
55.0,82.0,0.0,4944.0,15850.7,0.0
56.0,82.0,0.0,5394.0,15850.7,0.0
56.0,83.0,0.0,5394.0,16347.7,0.0
56.0,83.0,0.0,5394.0,16347.7,0.0
57.0,82.0,0.0,5779.0,16010.7,0.0
57.0,81.0,0.0,5779.0,15964.7,0.0
58.0,81.0,0.0,5789.0,15964.7,0.0
58.0,82.0,0.0,5789.0,15978.7,0.0
59.0,82.0,0.0,5823.0,15978.7,0.0
59.0,83.0,0.0,5823.0,16200.7,0.0
60.0,83.0,0.0,5831.5,16200.7,0.0
61.0,83.0,0.0,5832.8,16200.7,0.0
62.0,83.0,0.0,6832.8,16200.7,0.0
63.0,83.0,0.0,6896.8,16200.7,0.0
64.0,83.0,0.0,6933.8,16200.7,0.0
64.0,84.0,0.0,6933.8,16249.7,0.0
65.0,84.0,0.0,6963.8,16249.7,0.0
65.0,85.0,0.0,6963.8,16944.7,0.0
65.0,86.0,0.0,6963.8,18059.7,0.0
66.0,86.0,0.0,6993.8,18059.7,0.0
67.0,86.0,0.0,7173.8,18059.7,0.0
68.0,86.0,0.0,7258.8,18059.7,0.0
68.0,87.0,0.0,7258.8,18059.7,0.0
69.0,86.0,0.0,7310.8,17962.7,0.0
69.0,86.0,0.0,7310.8,17962.7,0.0
69.0,85.0,0.0,7310.8,17186.7,0.0
69.0,84.0,0.0,7310.8,16712.7,0.0
70.0,84.0,0.0,7343.8,16712.7,0.0
68.0,81.0,0.0,7197.8,16343.7,0.0
69.0,81.0,0.0,7215.8,16343.7,0.0
69.0,82.0,0.0,7215.8,16697.7,0.0
69.0,81.0,0.0,7208.8,16686.7,0.0
70.0,81.0,0.0,7213.8,16686.7,0.0
70.0,80.0,0.0,7216.8,16686.7,0.0
70.0,81.0,0.0,7216.8,17698.7,0.0
71.0,81.0,0.0,7246.8,17698.7,0.0
72.0,81.0,0.0,7258.8,17698.7,0.0
72.0,82.0,0.0,7258.8,17698.7,0.0
73.0,82.0,0.0,7460.8,17698.7,0.0
73.0,82.0,0.0,7460.8,17698.7,0.0
73.0,82.0,0.0,7460.8,17698.7,0.0
74.0,82.0,0.0,7479.8,17698.7,0.0
75.0,82.0,0.0,7483.7,17698.7,0.0
76.0,81.0,0.0,7633.7,17684.7,0.0
77.0,81.0,0.0,7641.3,17684.7,0.0
77.0,80.0,0.0,7641.3,17569.7,0.0
78.0,79.0,0.0,7646.2,17471.7,0.0
78.0,80.0,0.0,7646.2,17487.7,0.0
79.0,80.0,0.0,7649.5,17487.7,0.0
79.0,81.0,0.0,7649.5,17496.8,0.0
79.0,81.0,0.0,7673.5,17496.8,0.0
80.0,81.0,0.0,7707.5,17496.8,0.0
81.0,81.0,0.0,7740.5,17496.8,0.0
82.0,81.0,0.0,7802.5,17496.8,0.0
83.0,81.0,0.0,7822.5,17496.8,0.0
84.0,80.0,0.0,7856.5,17472.8,0.0
84.0,81.0,0.0,7856.5,17927.8,0.0
85.0,81.0,0.0,7858.2,17927.8,0.0
85.0,81.0,0.0,7858.2,17938.8,0.0
86.0,81.0,0.0,7892.2,17938.8,0.0
86.0,82.0,0.0,7892.2,17986.8,0.0
86.0,82.0,0.0,7892.2,17986.8,0.0
86.0,81.0,0.0,7892.2,17628.8,0.0
87.0,81.0,0.0,7936.2,17628.8,0.0
88.0,80.0,0.0,7956.2,17287.8,0.0
89.0,80.0,0.0,8492.2,17287.8,0.0
88.0,79.0,0.0,8462.2,17259.8,0.0
89.0,78.0,0.0,8510.2,17211.8,0.0
90.0,78.0,0.0,8538.2,17211.8,0.0
91.0,78.0,0.0,8548.2,17211.8,0.0
92.0,78.0,0.0,8581.2,17211.8,0.0
92.0,79.0,0.0,8581.2,17315.8,0.0
92.0,80.0,0.0,8581.2,17940.8,0.0
93.0,80.0,0.0,8599.2,17940.8,0.0
94.0,80.0,0.0,8784.2,17940.8,0.0
95.0,80.0,0.0,8802.2,17940.8,0.0
95.0,81.0,0.0,8802.2,18120.8,0.0
95.0,82.0,0.0,8802.2,18612.8,0.0
96.0,82.0,0.0,8832.2,18612.8,0.0
95.0,82.0,0.0,8788.2,18554.8,0.0
96.0,80.0,0.0,8821.2,18003.8,0.0
96.0,80.0,0.0,8821.2,18495.8,0.0
96.0,79.0,0.0,8821.2,18003.8,0.0
96.0,80.0,0.0,8821.2,18283.8,0.0
97.0,80.0,0.0,8869.2,18283.8,0.0
98.0,80.0,0.0,8937.2,18283.8,0.0
99.0,79.0,0.0,8962.2,18256.8,0.0
100.0,79.0,0.0,8971.2,18256.8,0.0
101.0,76.0,0.0,9063.2,17461.8,0.0
102.0,76.0,0.0,9102.2,17461.8,0.0
102.0,77.0,0.0,9102.2,18214.8,0.0
103.0,77.0,0.0,9112.1,18214.8,0.0
103.0,78.0,0.0,9112.1,18399.8,0.0
103.0,79.0,0.0,9112.1,18592.8,0.0
104.0,79.0,0.0,9152.1,18592.8,0.0
105.0,79.0,0.0,9161.0,18592.8,0.0
106.0,79.0,0.0,9161.0,18592.8,0.0
107.0,79.0,0.0,9181.0,18592.8,0.0
108.0,79.0,0.0,9190.1,18592.8,0.0
109.0,79.0,0.0,9196.1,18592.8,0.0
110.0,79.0,0.0,9201.0,18592.8,0.0
109.0,78.0,0.0,9162.0,18462.8,0.0
110.0,78.0,0.0,9227.0,18462.8,0.0
111.0,78.0,0.0,9237.0,18462.8,0.0
110.0,79.0,0.0,9222.0,19237.8,0.0
109.0,78.0,0.0,8927.0,18727.8,0.0
107.0,77.0,0.0,8926.1,18107.8,0.0
107.0,77.0,0.0,8945.800000000001,18107.8,0.0
107.0,78.0,0.0,8945.800000000001,18657.8,0.0
107.0,79.0,0.0,8945.800000000001,18657.8,0.0
107.0,79.0,0.0,8940.800000000001,18657.8,0.0
108.0,79.0,0.0,8950.6,18657.8,0.0
108.0,77.0,0.0,8935.5,18371.7,0.0
107.0,76.0,0.0,8929.5,18371.7,0.0
108.0,75.0,0.0,9009.5,17596.7,0.0
108.0,75.0,0.0,9157.5,17596.7,0.0
108.0,76.0,0.0,9157.5,18371.7,0.0
109.0,76.0,0.0,9217.5,18371.7,0.0
109.0,77.0,0.0,9217.5,18968.7,0.0
109.0,78.0,0.0,9217.5,19218.7,0.0
109.0,79.0,0.0,9217.5,19918.7,0.0
110.0,78.0,0.0,9222.5,19738.7,0.0
111.0,78.0,0.0,9273.5,19738.7,0.0
111.0,78.0,0.0,9237.5,19738.7,0.0
111.0,78.0,0.0,9145.2,19738.7,0.0
112.0,78.0,0.0,9229.2,19738.7,0.0
111.0,75.0,0.0,9227.5,19396.3,0.0
112.0,75.0,0.0,9229.7,19396.3,0.0
111.0,75.0,0.0,9151.7,19396.3,0.0
112.0,75.0,0.0,9202.7,19396.3,0.0
112.0,76.0,0.0,9202.7,19593.3,0.0
113.0,76.0,0.0,9236.7,19593.3,0.0
114.0,76.0,0.0,9326.7,19593.3,0.0
115.0,76.0,0.0,9346.7,19593.3,0.0
116.0,75.0,0.0,9347.01,19544.3,0.0
113.0,75.0,0.0,9222.91,19544.3,0.0
113.0,76.0,0.0,9222.91,19650.3,0.0
114.0,76.0,0.0,9251.91,19650.3,0.0
114.0,76.0,0.0,9251.91,19099.3,0.0
114.0,77.0,0.0,9251.91,19307.3,0.0
114.0,78.0,0.0,9251.91,19515.3,0.0
114.0,79.0,0.0,9251.91,20048.3,0.0
113.0,79.0,0.0,9251.6,20393.3,0.0
114.0,79.0,0.0,9260.2,20393.3,0.0
115.0,79.0,0.0,9278.2,20393.3,0.0
116.0,79.0,0.0,9528.2,20393.3,0.0
116.0,80.0,0.0,9528.2,20430.3,0.0
117.0,80.0,0.0,9561.2,20430.3,0.0
118.0,80.0,0.0,9634.2,20430.3,0.0
119.0,80.0,0.0,9708.2,20430.3,0.0
120.0,80.0,0.0,9708.85,20430.3,0.0
119.0,80.0,0.0,9616.85,20430.3,0.0
119.0,80.0,0.0,9616.85,20299.3,0.0
120.0,80.0,0.0,9720.85,20299.3,0.0
120.0,81.0,0.0,9720.85,20634.3,0.0
121.0,81.0,0.0,9720.85,20634.3,0.0
121.0,82.0,0.0,9720.85,21117.3,0.0
121.0,83.0,0.0,9720.85,21467.3,0.0
121.0,84.0,0.0,9720.85,21532.3,0.0
122.0,84.0,0.0,9721.04,21532.3,0.0
122.0,85.0,0.0,9721.04,21954.3,0.0
122.0,86.0,0.0,9721.04,22199.3,0.0
122.0,87.0,0.0,9721.04,22204.899999999998,0.0
122.0,88.0,0.0,9721.04,22549.899999999998,0.0
122.0,89.0,0.0,9721.04,22885.899999999998,0.0
122.0,90.0,0.0,9721.04,22945.899999999998,0.0
122.0,91.0,0.0,9721.04,23049.899999999998,0.0
123.0,91.0,0.0,9806.04,23049.899999999998,0.0
124.0,91.0,0.0,9816.04,23049.899999999998,0.0
125.0,91.0,0.0,9902.04,23049.899999999998,0.0
126.0,90.0,0.0,10006.04,22983.899999999998,0.0
127.0,90.0,0.0,10110.04,22983.899999999998,0.0
128.0,90.0,0.0,10214.04,22983.899999999998,0.0
129.0,90.0,0.0,10318.04,22983.899999999998,0.0
130.0,90.0,0.0,10422.04,22983.899999999998,0.0
130.0,91.0,0.0,10422.04,23191.899999999998,0.0
130.0,92.0,0.0,10422.04,23779.899999999998,0.0
129.0,91.0,0.0,10896.04,23184.899999999998,0.0
130.0,91.0,0.0,11497.04,23184.899999999998,0.0
130.0,92.0,0.0,11497.04,23625.899999999998,0.0
131.0,92.0,0.0,11550.04,23625.899999999998,0.0
132.0,92.0,0.0,11580.04,23625.899999999998,0.0
133.0,92.0,0.0,11589.640000000001,23625.899999999998,0.0
133.0,93.0,0.0,11589.640000000001,24463.899999999998,0.0
134.0,93.0,0.0,11589.960000000001,24463.899999999998,0.0
134.0,94.0,0.0,11589.960000000001,25275.899999999998,0.0
134.0,94.0,0.0,11589.960000000001,25072.899999999998,0.0
134.0,95.0,0.0,11589.960000000001,25916.899999999998,0.0
134.0,96.0,0.0,11589.960000000001,27048.899999999998,0.0
135.0,95.0,0.0,11839.960000000001,25933.899999999998,0.0
136.0,95.0,0.0,11913.960000000001,25933.899999999998,0.0
136.0,96.0,0.0,11913.960000000001,27013.899999999998,0.0
136.0,97.0,0.0,11913.960000000001,27088.899999999998,0.0
136.0,98.0,0.0,11913.960000000001,27326.899999999998,0.0
137.0,98.0,0.0,12039.960000000001,27326.899999999998,0.0
137.0,99.0,0.0,12039.960000000001,27389.899999999998,0.0
137.0,100.0,0.0,12039.960000000001,27499.899999999998,0.0
137.0,101.0,0.0,12039.960000000001,27609.899999999998,0.0
137.0,102.0,0.0,12039.960000000001,27843.899999999998,0.0
137.0,103.0,0.0,12039.960000000001,28077.899999999998,0.0
137.0,104.0,0.0,12039.960000000001,28383.899999999998,0.0
137.0,105.0,0.0,12039.960000000001,28971.899999999998,0.0
137.0,106.0,0.0,12039.960000000001,29232.899999999998,0.0
137.0,107.0,0.0,12039.960000000001,29463.899999999998,0.0
137.0,108.0,0.0,12039.960000000001,29664.899999999998,0.0
138.0,108.0,0.0,12044.960000000001,29664.899999999998,0.0
138.0,109.0,0.0,12044.960000000001,30247.899999999998,0.0
139.0,109.0,0.0,12061.960000000001,30247.899999999998,0.0
139.0,110.0,0.0,12061.960000000001,31198.899999999998,0.0
139.0,111.0,0.0,12061.960000000001,31517.899999999998,0.0
140.0,111.0,0.0,12066.960000000001,31517.899999999998,0.0
140.0,112.0,0.0,12066.960000000001,31531.899999999998,0.0
140.0,113.0,0.0,12066.960000000001,31628.899999999998,0.0
140.0,114.0,0.0,12066.960000000001,31747.899999999998,0.0
140.0,115.0,0.0,12066.960000000001,32199.899999999998,0.0
140.0,116.0,0.0,12066.960000000001,33030.899999999994,0.0
141.0,116.0,0.0,12094.960000000001,33030.899999999994,0.0
142.0,116.0,0.0,12096.960000000001,33030.899999999994,0.0
142.0,117.0,0.0,12096.960000000001,33370.899999999994,0.0
143.0,117.0,0.0,12139.960000000001,33370.899999999994,0.0
143.0,118.0,0.0,12139.960000000001,34263.899999999994,0.0
143.0,119.0,0.0,12139.960000000001,35156.899999999994,0.0
144.0,118.0,0.0,12159.960000000001,34568.899999999994,0.0
145.0,118.0,0.0,12179.960000000001,34568.899999999994,0.0
146.0,118.0,0.0,12199.960000000001,34568.899999999994,0.0
147.0,118.0,0.0,12219.960000000001,34568.899999999994,0.0
147.0,118.0,0.0,12219.960000000001,34568.899999999994,0.0
146.0,118.0,0.0,12242.960000000001,34568.899999999994,0.0
147.0,118.0,0.0,12321.960000000001,34568.899999999994,0.0
148.0,118.0,0.0,12399.960000000001,34568.899999999994,0.0
149.0,118.0,0.0,12419.960000000001,34568.899999999994,0.0
150.0,118.0,0.0,12439.960000000001,34568.899999999994,0.0
151.0,118.0,0.0,12459.960000000001,34568.899999999994,0.0
152.0,118.0,0.0,12479.960000000001,34568.899999999994,0.0
153.0,118.0,0.0,12499.960000000001,34568.899999999994,0.0
154.0,118.0,0.0,12519.960000000001,34568.899999999994,0.0
155.0,118.0,0.0,12539.960000000001,34568.899999999994,0.0
156.0,118.0,0.0,12559.960000000001,34568.899999999994,0.0
157.0,118.0,0.0,12579.960000000001,34568.899999999994,0.0
158.0,118.0,0.0,12775.960000000001,34568.899999999994,0.0
158.0,118.0,0.0,12752.960000000001,34568.899999999994,0.0
157.0,119.0,0.0,12678.960000000001,34818.899999999994,0.0
156.0,119.0,0.0,12819.960000000001,34818.899999999994,0.0
157.0,119.0,0.0,13035.960000000001,34818.899999999994,0.0
158.0,119.0,0.0,13148.960000000001,34818.899999999994,0.0
158.0,119.0,1.0,13148.960000000001,34818.899999999994,16.0
159.0,119.0,2.0,13389.960000000001,34818.899999999994,16.0
160.0,119.0,3.0,13659.960000000001,34818.899999999994,16.0
161.0,119.0,3.0,13811.960000000001,34818.899999999994,16.0
161.0,120.0,3.0,13811.960000000001,35388.899999999994,16.0
161.0,121.0,3.0,13811.960000000001,36418.899999999994,16.0
162.0,121.0,3.0,13814.660000000002,36418.899999999994,16.0
163.0,121.0,3.0,13817.760000000002,36418.899999999994,16.0
164.0,121.0,3.0,13867.760000000002,36418.899999999994,16.0
164.0,119.0,3.0,13880.760000000002,35555.899999999994,16.0
165.0,119.0,3.0,13978.760000000002,35555.899999999994,16.0
166.0,119.0,3.0,14027.760000000002,35555.899999999994,16.0
167.0,119.0,3.0,14690.760000000002,35555.899999999994,16.0
166.0,119.0,3.0,14927.160000000002,35555.899999999994,16.0
167.0,119.0,3.0,15143.160000000002,35555.899999999994,16.0
167.0,120.0,3.0,15143.160000000002,36725.899999999994,16.0
167.0,121.0,3.0,15143.160000000002,37313.899999999994,16.0
168.0,121.0,3.0,15171.160000000002,37313.899999999994,16.0
168.0,122.0,3.0,15171.160000000002,37889.899999999994,16.0
168.0,122.0,3.0,15206.160000000002,37889.899999999994,16.0
168.0,123.0,3.0,15206.160000000002,38579.899999999994,16.0
168.0,124.0,3.0,15206.160000000002,39229.899999999994,16.0
169.0,124.0,3.0,15402.160000000002,39229.899999999994,16.0
170.0,124.0,3.0,15403.360000000002,39229.899999999994,16.0
170.0,125.0,3.0,15403.360000000002,39391.899999999994,16.0
170.0,126.0,3.0,15403.360000000002,39471.899999999994,16.0
170.0,127.0,3.0,15403.360000000002,39541.899999999994,16.0
170.0,128.0,3.0,15403.360000000002,39643.899999999994,16.0
170.0,126.0,3.0,15441.360000000002,39318.899999999994,16.0
171.0,126.0,3.0,15519.360000000002,39318.899999999994,16.0
172.0,126.0,3.0,15582.360000000002,39318.899999999994,16.0
173.0,126.0,3.0,15582.360000000002,39318.899999999994,16.0
173.0,127.0,3.0,15582.360000000002,39386.899999999994,16.0
174.0,127.0,3.0,16382.360000000002,39386.899999999994,16.0
175.0,127.0,3.0,16457.36,39386.899999999994,16.0
176.0,127.0,3.0,16551.36,39386.899999999994,16.0
176.0,128.0,3.0,16551.36,39429.899999999994,16.0
177.0,128.0,3.0,16701.36,39429.899999999994,16.0
178.0,127.0,3.0,17501.36,39123.899999999994,16.0
178.0,127.0,3.0,17848.36,39123.899999999994,16.0
179.0,127.0,3.0,17868.36,39123.899999999994,16.0
180.0,127.0,3.0,17898.36,39123.899999999994,16.0
180.0,128.0,3.0,17898.36,39132.49999999999,16.0
181.0,128.0,4.0,18778.36,39132.49999999999,16.0
181.0,128.0,4.0,18778.36,39132.49999999999,16.0
181.0,128.0,4.0,18832.16,39132.49999999999,16.0
181.0,129.0,4.0,18832.16,39230.49999999999,16.0
182.0,129.0,4.0,18852.16,39230.49999999999,16.0
183.0,129.0,4.0,18872.16,39230.49999999999,16.0
183.0,130.0,4.0,18872.16,39608.49999999999,16.0
184.0,130.0,4.0,18892.16,39608.49999999999,16.0
184.0,131.0,4.0,18892.16,39986.49999999999,16.0
185.0,131.0,4.0,18912.16,39986.49999999999,16.0
186.0,130.0,4.0,18927.16,39667.49999999999,16.0
187.0,128.0,4.0,18947.16,38749.49999999999,16.0
188.0,128.0,4.0,19097.16,38749.49999999999,16.0
189.0,128.0,4.0,19247.16,38749.49999999999,16.0
190.0,128.0,4.0,19461.16,38749.49999999999,16.0
191.0,128.0,4.0,19702.16,38749.49999999999,16.0
192.0,128.0,5.0,19968.16,38749.49999999999,16.0
193.0,128.0,6.0,20207.16,38749.49999999999,16.0
194.0,128.0,6.0,20495.16,38749.49999999999,16.0
195.0,128.0,6.0,20608.16,38749.49999999999,16.0
196.0,128.0,6.0,20634.16,38749.49999999999,16.0
197.0,128.0,6.0,20654.16,38749.49999999999,16.0
198.0,128.0,6.0,21284.16,38749.49999999999,16.0
199.0,128.0,6.0,21304.16,38749.49999999999,16.0
200.0,128.0,6.0,21326.16,38749.49999999999,16.0
201.0,128.0,6.0,21346.16,38749.49999999999,16.0
202.0,128.0,6.0,21366.16,38749.49999999999,16.0
203.0,128.0,6.0,21386.16,38749.49999999999,16.0
204.0,128.0,6.0,21406.16,38749.49999999999,16.0
205.0,128.0,6.0,21426.16,38749.49999999999,16.0
206.0,128.0,6.0,21446.16,38749.49999999999,16.0
207.0,128.0,7.0,21466.16,38749.49999999999,16.0
208.0,128.0,7.0,21486.16,38749.49999999999,16.0
209.0,128.0,7.0,21506.16,38749.49999999999,16.0
210.0,128.0,7.0,21526.16,38749.49999999999,16.0
211.0,128.0,7.0,21546.16,38749.49999999999,16.0
209.0,128.0,7.0,21486.26,38749.49999999999,16.0
210.0,128.0,7.0,21502.26,38749.49999999999,16.0
211.0,128.0,7.0,21516.26,38749.49999999999,16.0
212.0,128.0,7.0,21547.26,38749.49999999999,16.0
213.0,128.0,7.0,21554.26,38749.49999999999,16.0
213.0,128.0,8.0,21554.26,38749.49999999999,66.0
213.0,128.0,9.0,21554.26,38749.49999999999,216.0
213.0,128.0,10.0,21554.26,38749.49999999999,316.0
213.0,128.0,11.0,21554.26,38749.49999999999,416.0
214.0,128.0,11.0,21575.26,38749.49999999999,416.0
214.0,128.0,11.0,21563.26,38749.49999999999,416.0
215.0,128.0,11.0,21569.26,38749.49999999999,416.0
216.0,128.0,12.0,22444.26,38749.49999999999,416.0
217.0,128.0,12.0,22844.26,38749.49999999999,416.0
218.0,128.0,12.0,23635.26,38749.49999999999,416.0
219.0,128.0,12.0,23642.059999999998,38749.49999999999,416.0
220.0,128.0,12.0,23643.96,38749.49999999999,416.0
221.0,128.0,12.0,23653.46,38749.49999999999,416.0
222.0,128.0,12.0,23673.46,38749.49999999999,416.0
223.0,128.0,12.0,23699.46,38749.49999999999,416.0
224.0,128.0,12.0,23719.46,38749.49999999999,416.0
225.0,128.0,12.0,23745.46,38749.49999999999,416.0
226.0,128.0,12.0,23770.46,38749.49999999999,416.0
227.0,128.0,12.0,23785.46,38749.49999999999,416.0
228.0,128.0,12.0,23803.46,38749.49999999999,416.0
229.0,128.0,12.0,23810.96,38749.49999999999,416.0
230.0,128.0,12.0,23820.96,38749.49999999999,416.0
231.0,128.0,12.0,23826.96,38749.49999999999,416.0
232.0,128.0,12.0,23846.96,38749.49999999999,416.0
233.0,128.0,12.0,23866.96,38749.49999999999,416.0
233.0,128.0,12.0,23866.96,38749.49999999999,416.0
234.0,128.0,12.0,23886.96,38749.49999999999,416.0
234.0,128.0,13.0,23886.96,38749.49999999999,436.0
235.0,128.0,13.0,23906.96,38749.49999999999,436.0
235.0,128.0,14.0,23906.96,38749.49999999999,579.0
235.0,129.0,14.0,23906.96,39441.49999999999,579.0
236.0,129.0,14.0,23921.96,39441.49999999999,579.0
236.0,129.0,15.0,23921.96,39441.49999999999,729.0
237.0,129.0,15.0,23971.96,39441.49999999999,729.0
238.0,129.0,15.0,24006.96,39441.49999999999,729.0
239.0,129.0,15.0,24607.96,39441.49999999999,729.0
240.0,129.0,15.0,24757.96,39441.49999999999,729.0
241.0,129.0,15.0,24777.96,39441.49999999999,729.0
242.0,129.0,16.0,25043.96,39441.49999999999,729.0
243.0,129.0,16.0,25147.96,39441.49999999999,729.0
244.0,129.0,16.0,25251.96,39441.49999999999,729.0
245.0,129.0,16.0,25465.96,39441.49999999999,729.0
246.0,129.0,16.0,25569.96,39441.49999999999,729.0
247.0,129.0,16.0,25659.96,39441.49999999999,729.0
248.0,129.0,16.0,25900.96,39441.49999999999,729.0
249.0,129.0,16.0,26004.96,39441.49999999999,729.0
250.0,129.0,16.0,26605.96,39441.49999999999,729.0
251.0,129.0,16.0,26755.96,39441.49999999999,729.0
252.0,129.0,16.0,26859.96,39441.49999999999,729.0
253.0,129.0,17.0,27098.96,39441.49999999999,729.0
254.0,129.0,17.0,27118.96,39441.49999999999,729.0
253.0,129.0,18.0,27098.96,39441.49999999999,832.0
254.0,129.0,18.0,27118.96,39441.49999999999,832.0
255.0,129.0,18.0,27148.96,39441.49999999999,832.0
256.0,129.0,18.0,27168.96,39441.49999999999,832.0
256.0,130.0,18.0,27168.96,40093.49999999999,832.0
257.0,130.0,18.0,27294.96,40093.49999999999,832.0
258.0,130.0,18.0,27314.96,40093.49999999999,832.0
258.0,131.0,18.0,27314.96,40443.49999999999,832.0
258.0,131.0,19.0,27314.96,40443.49999999999,982.0
259.0,131.0,19.0,27337.96,40443.49999999999,982.0
260.0,131.0,19.0,27352.96,40443.49999999999,982.0
261.0,131.0,19.0,27362.96,40443.49999999999,982.0
262.0,131.0,19.0,27372.96,40443.49999999999,982.0
263.0,127.0,19.0,27378.16,37536.49999999999,982.0
264.0,127.0,20.0,27384.26,37536.49999999999,982.0
265.0,127.0,20.0,27391.76,37536.49999999999,982.0
266.0,127.0,20.0,27411.76,37536.49999999999,982.0
267.0,127.0,20.0,27421.76,37536.49999999999,982.0
267.0,127.0,21.0,27421.76,37536.49999999999,1001.0
268.0,127.0,22.0,27421.76,37204.299999999996,1001.0
269.0,127.0,22.0,27429.76,37204.299999999996,1001.0
270.0,127.0,22.0,27434.66,37204.299999999996,1001.0
271.0,127.0,22.0,27454.66,37204.299999999996,1001.0
272.0,127.0,22.0,27464.66,37204.299999999996,1001.0
273.0,127.0,22.0,27504.66,37204.299999999996,1001.0
274.0,127.0,23.0,27510.06,37204.299999999996,1001.0
275.0,127.0,24.0,27520.06,37204.299999999996,1001.0
276.0,128.0,25.0,27520.06,37212.1,1001.0
277.0,128.0,25.0,27872.06,37212.1,1001.0
278.0,128.0,25.0,28576.06,37212.1,1001.0
278.0,129.0,25.0,28576.06,38089.1,1001.0
279.0,129.0,25.0,28596.06,38089.1,1001.0
280.0,129.0,25.0,28616.06,38089.1,1001.0
281.0,129.0,25.0,28636.06,38089.1,1001.0
282.0,129.0,25.0,28656.06,38089.1,1001.0
282.0,130.0,25.0,28656.06,38098.2,1001.0
283.0,130.0,25.0,28671.06,38098.2,1001.0
283.0,130.0,25.0,29466.06,38098.2,1001.0
284.0,130.0,25.0,30271.06,38098.2,1001.0
285.0,130.0,25.0,30327.06,38098.2,1001.0
286.0,130.0,25.0,30337.06,38098.2,1001.0
287.0,130.0,25.0,30387.06,38098.2,1001.0
288.0,130.0,25.0,30427.06,38098.2,1001.0
289.0,130.0,25.0,30435.16,38098.2,1001.0
290.0,130.0,25.0,30450.16,38098.2,1001.0
291.0,130.0,25.0,30460.16,38098.2,1001.0
292.0,130.0,25.0,30474.16,38098.2,1001.0
293.0,130.0,25.0,30494.16,38098.2,1001.0
293.0,130.0,25.0,30494.16,38098.2,1001.0
294.0,130.0,25.0,30544.16,38098.2,1001.0
295.0,130.0,25.0,30555.16,38098.2,1001.0
296.0,130.0,25.0,30560.16,38098.2,1001.0
297.0,130.0,25.0,31387.16,38098.2,1001.0
298.0,130.0,25.0,31437.16,38098.2,1001.0
299.0,130.0,25.0,31441.06,38098.2,1001.0
300.0,130.0,25.0,31447.06,38098.2,1001.0
301.0,130.0,25.0,31461.06,38098.2,1001.0
302.0,130.0,25.0,31463.56,38098.2,1001.0
303.0,130.0,25.0,31466.86,38098.2,1001.0
304.0,130.0,25.0,31481.86,38098.2,1001.0
305.0,130.0,25.0,31493.86,38098.2,1001.0
306.0,130.0,25.0,31501.86,38098.2,1001.0
307.0,130.0,25.0,31509.86,38098.2,1001.0
308.0,130.0,25.0,31521.86,38098.2,1001.0
309.0,130.0,25.0,31534.86,38098.2,1001.0
310.0,130.0,25.0,31559.86,38098.2,1001.0
311.0,130.0,25.0,31562.86,38098.2,1001.0
312.0,130.0,25.0,31565.46,38098.2,1001.0
313.0,130.0,25.0,31583.46,38098.2,1001.0
314.0,130.0,25.0,31592.46,38098.2,1001.0
315.0,130.0,25.0,31597.36,38098.2,1001.0
316.0,130.0,25.0,31610.36,38098.2,1001.0
317.0,130.0,25.0,31619.06,38098.2,1001.0
318.0,130.0,25.0,32479.06,38098.2,1001.0
319.0,130.0,25.0,32879.06,38098.2,1001.0
319.0,130.0,26.0,32879.06,38098.2,1201.0
319.0,130.0,27.0,32879.06,38098.2,1351.0
320.0,130.0,27.0,32979.06,38098.2,1351.0
321.0,130.0,27.0,33017.06,38098.2,1351.0
322.0,130.0,27.0,33022.06,38098.2,1351.0
323.0,130.0,27.0,33028.36,38098.2,1351.0
324.0,130.0,27.0,33048.36,38098.2,1351.0
325.0,130.0,27.0,33058.16,38098.2,1351.0
326.0,130.0,27.0,33078.16,38098.2,1351.0
327.0,130.0,27.0,33090.16,38098.2,1351.0
327.0,130.0,28.0,33090.16,38098.2,1601.0
328.0,129.0,28.0,33110.16,37890.2,1601.0
328.0,129.0,29.0,33110.16,37890.2,1751.0
329.0,129.0,29.0,33950.16,37890.2,1751.0
330.0,129.0,29.0,33961.16,37890.2,1751.0
331.0,129.0,29.0,33988.16,37890.2,1751.0
332.0,129.0,29.0,33997.66,37890.2,1751.0
333.0,129.0,29.0,34068.66,37890.2,1751.0
334.0,129.0,29.0,34077.66,37890.2,1751.0
335.0,129.0,29.0,34090.66,37890.2,1751.0
336.0,129.0,29.0,34092.66,37890.2,1751.0
337.0,129.0,29.0,34106.66,37890.2,1751.0
338.0,129.0,29.0,34108.66,37890.2,1751.0
339.0,129.0,29.0,34128.66,37890.2,1751.0
340.0,129.0,29.0,34145.66,37890.2,1751.0
341.0,129.0,29.0,34148.16,37890.2,1751.0
342.0,129.0,29.0,34168.16,37890.2,1751.0
343.0,129.0,29.0,34192.16,37890.2,1751.0
344.0,129.0,29.0,34217.16,37890.2,1751.0
345.0,129.0,29.0,34219.36,37890.2,1751.0
346.0,129.0,29.0,34223.36,37890.2,1751.0
347.0,129.0,29.0,34228.26,37890.2,1751.0
348.0,129.0,29.0,34233.26,37890.2,1751.0
349.0,129.0,29.0,34254.26,37890.2,1751.0
350.0,129.0,29.0,34269.26,37890.2,1751.0
351.0,129.0,29.0,34275.46,37890.2,1751.0
352.0,129.0,29.0,34281.659999999996,37890.2,1751.0
352.0,129.0,30.0,34281.659999999996,37890.2,1851.0
351.0,129.0,31.0,34246.659999999996,37890.2,2031.0
351.0,129.0,32.0,34246.659999999996,37890.2,2206.0
351.0,129.0,33.0,34246.659999999996,37890.2,2452.0
351.0,129.0,34.0,34246.659999999996,37890.2,2622.0
352.0,129.0,34.0,34266.659999999996,37890.2,2622.0
352.0,130.0,34.0,34266.659999999996,38268.2,2622.0
352.0,131.0,34.0,34266.659999999996,38292.2,2622.0
351.0,132.0,34.0,34259.85999999999,38561.2,2622.0
351.0,133.0,34.0,34259.85999999999,38581.2,2622.0
351.0,133.0,35.0,34259.85999999999,38581.2,2772.0
351.0,133.0,36.0,34259.85999999999,38581.2,2972.0
352.0,133.0,36.0,34385.85999999999,38581.2,2972.0
350.0,132.0,35.0,34389.85999999999,38573.399999999994,2972.0
351.0,132.0,35.0,35589.85999999999,38573.399999999994,2972.0
351.0,133.0,35.0,35589.85999999999,38951.399999999994,2972.0
350.0,132.0,35.0,35463.85999999999,38125.399999999994,2972.0
350.0,132.0,35.0,35474.35999999999,38125.399999999994,2972.0
351.0,132.0,35.0,35534.35999999999,38125.399999999994,2972.0
352.0,132.0,35.0,35567.35999999999,38125.399999999994,2972.0
352.0,132.0,36.0,35567.35999999999,38125.399999999994,2986.0
353.0,132.0,36.0,35572.159999999996,38125.399999999994,2986.0
354.0,132.0,36.0,36386.159999999996,38125.399999999994,2986.0
354.0,132.0,37.0,36386.159999999996,38125.399999999994,2996.0
355.0,132.0,37.0,36391.159999999996,38125.399999999994,2996.0
356.0,132.0,37.0,36398.35999999999,38125.399999999994,2996.0
357.0,132.0,37.0,36402.95999999999,38125.399999999994,2996.0
358.0,132.0,37.0,36409.95999999999,38125.399999999994,2996.0
359.0,132.0,37.0,36418.95999999999,38125.399999999994,2996.0
360.0,132.0,37.0,36423.55999999999,38125.399999999994,2996.0
361.0,132.0,37.0,36443.55999999999,38125.399999999994,2996.0
362.0,132.0,37.0,36478.55999999999,38125.399999999994,2996.0
362.0,132.0,37.0,36478.55999999999,38125.399999999994,2996.0
363.0,132.0,38.0,36483.55999999999,38125.399999999994,2996.0
364.0,132.0,39.0,36488.55999999999,38125.399999999994,2996.0
365.0,132.0,40.0,36493.55999999999,38125.399999999994,2996.0
366.0,132.0,40.0,36503.55999999999,38125.399999999994,2996.0
367.0,132.0,41.0,36512.95999999999,38125.399999999994,2996.0
368.0,132.0,42.0,36517.95999999999,38125.399999999994,2996.0
369.0,132.0,43.0,36529.95999999999,38125.399999999994,2996.0
370.0,132.0,44.0,36537.45999999999,38125.399999999994,2996.0
371.0,132.0,44.0,36542.45999999999,38125.399999999994,2996.0
372.0,132.0,44.0,37142.45999999999,38125.399999999994,2996.0
373.0,132.0,44.0,37162.45999999999,38125.399999999994,2996.0
373.0,132.0,43.0,38027.35999999999,38125.399999999994,2996.0
374.0,132.0,43.0,39227.35999999999,38125.399999999994,2996.0
373.0,132.0,43.0,39235.159999999996,38125.399999999994,2996.0
374.0,132.0,43.0,39255.159999999996,38125.399999999994,2996.0
373.0,132.0,43.0,39218.159999999996,38125.399999999994,2996.0
362.0,132.0,36.0,39155.259999999995,38125.399999999994,2996.0
363.0,132.0,36.0,39265.259999999995,38125.399999999994,2996.0
363.0,132.0,36.0,38653.259999999995,38125.399999999994,2996.0
364.0,132.0,36.0,38698.259999999995,38125.399999999994,2996.0
365.0,132.0,36.0,38715.259999999995,38125.399999999994,2996.0
366.0,132.0,36.0,38750.259999999995,38125.399999999994,2996.0
366.0,133.0,36.0,38750.259999999995,38145.399999999994,2996.0
366.0,132.0,36.0,38805.259999999995,37065.399999999994,2996.0
367.0,132.0,36.0,38808.659999999996,37065.399999999994,2996.0
368.0,132.0,36.0,38817.06,37065.399999999994,2996.0
369.0,132.0,36.0,38832.06,37065.399999999994,2996.0
369.0,133.0,36.0,38832.06,37073.399999999994,2996.0
370.0,133.0,36.0,40032.06,37073.399999999994,2996.0
371.0,133.0,36.0,40050.06,37073.399999999994,2996.0
371.0,133.0,37.0,40050.06,37073.399999999994,3196.0
371.0,133.0,37.0,40096.06,37073.399999999994,3196.0
372.0,133.0,37.0,40113.06,37073.399999999994,3196.0
372.0,134.0,37.0,40113.06,37083.09999999999,3196.0
373.0,134.0,37.0,40141.06,37083.09999999999,3196.0
372.0,134.0,37.0,40132.06,37083.09999999999,3196.0
373.0,134.0,37.0,40152.06,37083.09999999999,3196.0
372.0,134.0,37.0,40150.159999999996,36512.09999999999,3196.0
372.0,134.0,37.0,40156.85999999999,36512.09999999999,3196.0
373.0,134.0,37.0,40162.45999999999,36512.09999999999,3196.0
374.0,134.0,37.0,40172.45999999999,36512.09999999999,3196.0
375.0,134.0,37.0,40175.45999999999,36512.09999999999,3196.0
376.0,134.0,37.0,40177.45999999999,36512.09999999999,3196.0
377.0,134.0,37.0,40181.259999999995,36512.09999999999,3196.0
378.0,134.0,37.0,40184.759999999995,36512.09999999999,3196.0
379.0,134.0,37.0,40186.95999999999,36512.09999999999,3196.0
380.0,134.0,37.0,40191.259999999995,36512.09999999999,3196.0
381.0,134.0,37.0,40195.659999999996,36512.09999999999,3196.0
382.0,134.0,37.0,40202.159999999996,36512.09999999999,3196.0
383.0,134.0,37.0,40208.46,36512.09999999999,3196.0
384.0,134.0,37.0,40216.26,36512.09999999999,3196.0
385.0,134.0,37.0,40223.060000000005,36512.09999999999,3196.0
386.0,134.0,37.0,40229.86000000001,36512.09999999999,3196.0
387.0,134.0,37.0,40234.96000000001,36512.09999999999,3196.0
388.0,134.0,38.0,40245.96000000001,36512.09999999999,3196.0
389.0,134.0,39.0,40255.76000000001,36512.09999999999,3196.0
390.0,134.0,40.0,40260.76000000001,36512.09999999999,3196.0
391.0,134.0,41.0,40315.76000000001,36512.09999999999,3196.0
391.0,135.0,41.0,40315.76000000001,36792.09999999999,3196.0
391.0,136.0,41.0,40315.76000000001,37380.09999999999,3196.0
392.0,136.0,42.0,40335.76000000001,37380.09999999999,3196.0
393.0,136.0,42.0,40355.76000000001,37380.09999999999,3196.0
393.0,137.0,42.0,40355.76000000001,37913.09999999999,3196.0
394.0,137.0,42.0,40359.56000000001,37913.09999999999,3196.0
395.0,137.0,42.0,40399.56000000001,37913.09999999999,3196.0
395.0,137.0,43.0,40399.56000000001,37913.09999999999,3346.0
396.0,137.0,43.0,40403.56000000001,37913.09999999999,3346.0
397.0,137.0,43.0,40423.56000000001,37913.09999999999,3346.0
398.0,137.0,44.0,40428.56000000001,37913.09999999999,3346.0
399.0,137.0,45.0,40453.56000000001,37913.09999999999,3346.0
400.0,137.0,46.0,40465.56000000001,37913.09999999999,3346.0
401.0,137.0,47.0,40493.56000000001,37913.09999999999,3346.0
402.0,137.0,47.0,40496.06000000001,37913.09999999999,3346.0
403.0,137.0,48.0,40540.06000000001,37913.09999999999,3346.0
404.0,137.0,49.0,40542.06000000001,37913.09999999999,3346.0
405.0,137.0,49.0,40554.06000000001,37913.09999999999,3346.0
406.0,137.0,49.0,40556.860000000015,37913.09999999999,3346.0
407.0,137.0,50.0,40590.860000000015,37913.09999999999,3346.0
408.0,137.0,51.0,40600.860000000015,37913.09999999999,3346.0
409.0,137.0,52.0,40648.860000000015,37913.09999999999,3346.0
410.0,137.0,53.0,40667.860000000015,37913.09999999999,3346.0
411.0,137.0,54.0,40696.860000000015,37913.09999999999,3346.0
412.0,137.0,55.0,40704.360000000015,37913.09999999999,3346.0
413.0,137.0,56.0,40713.860000000015,37913.09999999999,3346.0
414.0,137.0,57.0,40717.06000000001,37913.09999999999,3346.0
415.0,137.0,57.0,40721.960000000014,37913.09999999999,3346.0
416.0,137.0,58.0,40729.960000000014,37913.09999999999,3346.0
417.0,137.0,59.0,40736.960000000014,37913.09999999999,3346.0
418.0,137.0,60.0,40742.460000000014,37913.09999999999,3346.0
418.0,137.0,60.0,40742.460000000014,37631.09999999999,3346.0
418.0,138.0,60.0,40742.460000000014,38481.09999999999,3346.0
418.0,138.0,61.0,40742.460000000014,38481.09999999999,3458.0
418.0,138.0,62.0,40742.460000000014,38481.09999999999,3570.0
419.0,138.0,62.0,40759.460000000014,38481.09999999999,3570.0
420.0,138.0,63.0,40764.26000000002,38481.09999999999,3570.0
420.0,138.0,64.0,40764.26000000002,38481.09999999999,3590.0
421.0,138.0,65.0,40766.66000000002,38481.09999999999,3590.0
421.0,138.0,66.0,40766.66000000002,38481.09999999999,3790.0
422.0,138.0,67.0,40766.66000000002,38481.09999999999,3790.0
423.0,138.0,67.0,40782.66000000002,38481.09999999999,3790.0
424.0,138.0,67.0,40798.66000000002,38481.09999999999,3790.0
425.0,138.0,67.0,40818.66000000002,38481.09999999999,3790.0
425.0,138.0,67.0,40894.66000000002,38481.09999999999,3790.0
426.0,138.0,68.0,40896.66000000002,38481.09999999999,3790.0
427.0,138.0,68.0,40955.66000000002,38481.09999999999,3790.0
428.0,138.0,68.0,41075.66000000002,38481.09999999999,3790.0
429.0,138.0,68.0,41195.66000000002,38481.09999999999,3790.0
430.0,138.0,68.0,41235.66000000002,38481.09999999999,3790.0
431.0,138.0,69.0,41247.66000000002,38481.09999999999,3790.0
432.0,138.0,69.0,41253.66000000002,38481.09999999999,3790.0
433.0,138.0,69.0,41313.66000000002,38481.09999999999,3790.0
434.0,138.0,69.0,41373.66000000002,38481.09999999999,3790.0
435.0,138.0,70.0,41458.66000000002,38481.09999999999,3790.0
435.0,138.0,71.0,41458.66000000002,38481.09999999999,4490.0
436.0,138.0,71.0,41534.66000000002,38481.09999999999,4490.0
437.0,138.0,71.0,41539.56000000002,38481.09999999999,4490.0
438.0,138.0,71.0,41543.56000000002,38481.09999999999,4490.0
439.0,138.0,71.0,41548.46000000002,38481.09999999999,4490.0
440.0,138.0,71.0,41556.46000000002,38481.09999999999,4490.0
441.0,138.0,71.0,41563.36000000002,38481.09999999999,4490.0
442.0,138.0,71.0,41597.36000000002,38481.09999999999,4490.0
443.0,138.0,71.0,41647.36000000002,38481.09999999999,4490.0
444.0,138.0,71.0,41652.260000000024,38481.09999999999,4490.0
445.0,138.0,71.0,41662.06000000003,38481.09999999999,4490.0
446.0,138.0,71.0,41665.56000000003,38481.09999999999,4490.0
447.0,138.0,71.0,41679.56000000003,38481.09999999999,4490.0
448.0,138.0,71.0,41681.160000000025,38481.09999999999,4490.0
449.0,138.0,71.0,41686.160000000025,38481.09999999999,4490.0
450.0,138.0,71.0,41689.160000000025,38481.09999999999,4490.0
451.0,138.0,71.0,41692.260000000024,38481.09999999999,4490.0
452.0,138.0,71.0,41699.56000000003,38481.09999999999,4490.0
452.0,139.0,71.0,41699.56000000003,38495.09999999999,4490.0
452.0,139.0,72.0,41699.56000000003,38495.09999999999,4990.0
452.0,139.0,73.0,41699.56000000003,38495.09999999999,5040.0
453.0,139.0,73.0,42966.56000000003,38495.09999999999,5040.0
454.0,139.0,73.0,44245.56000000003,38495.09999999999,5040.0
455.0,139.0,73.0,45445.56000000003,38495.09999999999,5040.0
456.0,139.0,73.0,45580.56000000003,38495.09999999999,5040.0
456.0,139.0,74.0,45580.56000000003,38495.09999999999,5140.0
457.0,139.0,75.0,45590.56000000003,38495.09999999999,5140.0
457.0,139.0,75.0,45571.56000000003,38495.09999999999,5140.0
458.0,139.0,75.0,45671.56000000003,38495.09999999999,5140.0
459.0,139.0,76.0,45675.36000000003,38495.09999999999,5140.0
460.0,139.0,77.0,45679.66000000003,38495.09999999999,5140.0
461.0,139.0,77.0,45682.16000000003,38495.09999999999,5140.0
462.0,139.0,77.0,45685.460000000036,38495.09999999999,5140.0
463.0,139.0,77.0,45687.460000000036,38495.09999999999,5140.0
464.0,139.0,77.0,45689.26000000004,38495.09999999999,5140.0
465.0,139.0,77.0,45694.16000000004,38495.09999999999,5140.0
466.0,139.0,77.0,45698.16000000004,38495.09999999999,5140.0
467.0,139.0,77.0,45699.86000000004,38495.09999999999,5140.0
468.0,139.0,78.0,45709.36000000004,38495.09999999999,5140.0
469.0,139.0,79.0,45719.26000000004,38495.09999999999,5140.0
470.0,139.0,79.0,45724.16000000004,38495.09999999999,5140.0
471.0,139.0,80.0,45729.16000000004,38495.09999999999,5140.0
472.0,139.0,80.0,45739.16000000004,38495.09999999999,5140.0
473.0,139.0,80.0,45806.16000000004,38495.09999999999,5140.0
474.0,139.0,80.0,45906.16000000004,38495.09999999999,5140.0
473.0,139.0,81.0,45806.16000000004,38495.09999999999,5344.0
473.0,139.0,82.0,45806.16000000004,38495.09999999999,5548.0
473.0,139.0,83.0,45806.16000000004,38495.09999999999,5650.0
473.0,139.0,83.0,45856.16000000004,38495.09999999999,5650.0
474.0,139.0,83.0,45931.16000000004,38495.09999999999,5650.0
474.0,139.0,82.0,45954.16000000004,38495.09999999999,5446.0
474.0,139.0,82.0,45952.16000000004,38495.09999999999,5446.0
474.0,139.0,83.0,45952.16000000004,38495.09999999999,5651.0
474.0,139.0,84.0,45952.16000000004,38495.09999999999,5701.0
475.0,139.0,84.0,45978.16000000004,38495.09999999999,5701.0
476.0,139.0,85.0,45996.16000000004,38495.09999999999,5701.0
477.0,139.0,85.0,46025.16000000004,38495.09999999999,5701.0
478.0,139.0,86.0,46044.16000000004,38495.09999999999,5701.0
479.0,139.0,86.0,46223.16000000004,38495.09999999999,5701.0
480.0,139.0,86.0,46388.16000000004,38495.09999999999,5701.0
481.0,139.0,86.0,46419.16000000004,38495.09999999999,5701.0
482.0,139.0,86.0,46470.16000000004,38495.09999999999,5701.0
482.0,139.0,87.0,46470.16000000004,38495.09999999999,5901.0
483.0,139.0,87.0,46514.16000000004,38495.09999999999,5901.0
484.0,139.0,87.0,46540.16000000004,38495.09999999999,5901.0
484.0,139.0,88.0,46540.16000000004,38495.09999999999,5956.0
484.0,139.0,89.0,46540.16000000004,38495.09999999999,6145.0
484.0,139.0,90.0,46540.16000000004,38495.09999999999,6250.0
484.0,139.0,91.0,46540.16000000004,38495.09999999999,6432.0
485.0,139.0,91.0,47854.16000000004,38495.09999999999,6432.0
485.0,139.0,92.0,47854.16000000004,38495.09999999999,6636.0
485.0,139.0,93.0,47854.16000000004,38495.09999999999,6656.0
486.0,139.0,93.0,47907.16000000004,38495.09999999999,6656.0
486.0,139.0,94.0,47907.16000000004,38495.09999999999,6761.0
487.0,139.0,94.0,48010.16000000004,38495.09999999999,6761.0
487.0,139.0,95.0,48010.16000000004,38495.09999999999,7011.0
488.0,139.0,95.0,49210.16000000004,38495.09999999999,7011.0
489.0,139.0,95.0,50530.16000000004,38495.09999999999,7011.0
490.0,139.0,95.0,51730.16000000004,38495.09999999999,7011.0
490.0,139.0,96.0,51730.16000000004,38495.09999999999,7216.0
490.0,139.0,97.0,51730.16000000004,38495.09999999999,7418.0
491.0,139.0,97.0,52930.16000000004,38495.09999999999,7418.0
491.0,139.0,98.0,52930.16000000004,38495.09999999999,7438.0
491.0,139.0,99.0,52930.16000000004,38495.09999999999,7546.0
492.0,139.0,100.0,52934.16000000004,38495.09999999999,7546.0
493.0,139.0,101.0,52938.66000000004,38495.09999999999,7546.0
494.0,139.0,101.0,53010.66000000004,38495.09999999999,7546.0
495.0,139.0,102.0,53011.66000000004,38495.09999999999,7546.0
496.0,139.0,103.0,53014.16000000004,38495.09999999999,7546.0
497.0,139.0,104.0,53024.06000000004,38495.09999999999,7546.0
498.0,139.0,105.0,53026.06000000004,38495.09999999999,7546.0
499.0,139.0,106.0,53029.06000000004,38495.09999999999,7546.0
498.0,140.0,106.0,53019.56000000004,38506.09999999999,7546.0
499.0,140.0,107.0,53132.56000000004,38506.09999999999,7546.0
500.0,140.0,107.0,53152.56000000004,38506.09999999999,7546.0
501.0,140.0,107.0,53162.06000000004,38506.09999999999,7546.0
501.0,139.0,107.0,53209.46000000004,38200.09999999999,7546.0
502.0,139.0,107.0,53229.46000000004,38200.09999999999,7546.0
499.0,138.0,108.0,53215.360000000044,38192.09999999999,8054.0
500.0,138.0,109.0,53216.360000000044,38192.09999999999,8054.0
500.0,138.0,109.0,53230.16000000005,38192.09999999999,8054.0
501.0,138.0,109.0,53271.16000000005,38192.09999999999,8054.0
502.0,138.0,109.0,53291.16000000005,38192.09999999999,8054.0
502.0,138.0,110.0,53291.16000000005,38192.09999999999,8355.0
503.0,137.0,110.0,53298.16000000005,37604.09999999999,8355.0
504.0,137.0,110.0,53310.16000000005,37604.09999999999,8355.0
503.0,137.0,110.0,53307.16000000005,37604.09999999999,8355.0
504.0,137.0,111.0,53307.16000000005,37604.09999999999,8355.0
504.0,137.0,111.0,53739.16000000005,37604.09999999999,8355.0
505.0,137.0,111.0,54595.16000000005,37604.09999999999,8355.0
506.0,137.0,111.0,54696.16000000005,37604.09999999999,8355.0
507.0,137.0,111.0,54797.16000000005,37604.09999999999,8355.0
507.0,137.0,112.0,54797.16000000005,37604.09999999999,8631.0
508.0,137.0,113.0,54801.66000000005,37604.09999999999,8631.0
509.0,137.0,114.0,54805.260000000046,37604.09999999999,8631.0
509.0,137.0,115.0,54898.760000000046,37604.09999999999,8631.0
509.0,137.0,116.0,54898.760000000046,37604.09999999999,8836.0
510.0,137.0,116.0,54918.760000000046,37604.09999999999,8836.0
509.0,137.0,116.0,54898.760000000046,37569.79999999999,8836.0
509.0,137.0,117.0,54898.760000000046,37569.79999999999,8856.0
510.0,137.0,117.0,54902.760000000046,37569.79999999999,8856.0
508.0,137.0,116.0,53680.260000000046,37569.79999999999,8751.0
508.0,137.0,117.0,53680.260000000046,37569.79999999999,8851.0
509.0,137.0,117.0,53682.260000000046,37569.79999999999,8851.0
510.0,137.0,117.0,53702.260000000046,37569.79999999999,8851.0
510.0,137.0,117.0,53729.260000000046,37569.79999999999,8851.0
510.0,137.0,118.0,53729.260000000046,37569.79999999999,8861.0
511.0,137.0,119.0,53735.06000000005,37569.79999999999,8861.0
512.0,137.0,120.0,53746.06000000005,37569.79999999999,8861.0
513.0,137.0,121.0,53751.06000000005,37569.79999999999,8861.0
514.0,137.0,122.0,53765.06000000005,37569.79999999999,8861.0
514.0,137.0,123.0,53765.06000000005,37569.79999999999,8881.0
515.0,137.0,124.0,53793.06000000005,37569.79999999999,8881.0
515.0,137.0,125.0,53793.06000000005,37569.79999999999,8889.0
515.0,137.0,126.0,53793.06000000005,37569.79999999999,8904.0
515.0,137.0,127.0,53793.06000000005,37569.79999999999,8919.0
516.0,137.0,128.0,53915.06000000005,37569.79999999999,8919.0
517.0,137.0,129.0,53920.06000000005,37569.79999999999,8919.0
518.0,137.0,130.0,53942.06000000005,37569.79999999999,8919.0
519.0,137.0,131.0,53954.06000000005,37569.79999999999,8919.0
520.0,137.0,132.0,53974.06000000005,37569.79999999999,8919.0
521.0,137.0,133.0,53986.06000000005,37569.79999999999,8919.0
522.0,137.0,134.0,54021.06000000005,37569.79999999999,8919.0
523.0,137.0,134.0,54055.06000000005,37569.79999999999,8919.0
523.0,137.0,134.0,54358.06000000005,37569.79999999999,8919.0
524.0,137.0,134.0,54459.06000000005,37569.79999999999,8919.0
524.0,137.0,135.0,54459.06000000005,37569.79999999999,9244.0
525.0,137.0,135.0,54792.06000000005,37569.79999999999,9244.0
523.0,137.0,135.0,54444.06000000005,37569.79999999999,9144.0
523.0,137.0,136.0,54444.06000000005,37569.79999999999,9294.0
524.0,137.0,135.0,54448.06000000005,37569.79999999999,9048.0
525.0,137.0,135.0,54449.96000000005,37569.79999999999,9048.0
526.0,137.0,135.0,54453.96000000005,37569.79999999999,9048.0
527.0,137.0,135.0,54455.96000000005,37569.79999999999,9048.0
528.0,137.0,135.0,54459.96000000005,37569.79999999999,9048.0
529.0,137.0,135.0,54461.76000000005,37569.79999999999,9048.0
530.0,137.0,135.0,54463.76000000005,37569.79999999999,9048.0
530.0,137.0,136.0,54463.76000000005,37569.79999999999,9248.0
530.0,137.0,137.0,54463.76000000005,37569.79999999999,9448.0
530.0,137.0,138.0,54463.76000000005,37569.79999999999,9618.0
530.0,137.0,139.0,54463.76000000005,37569.79999999999,9778.0
530.0,137.0,140.0,54463.76000000005,37569.79999999999,10020.0
531.0,137.0,140.0,55035.76000000005,37569.79999999999,10020.0
532.0,137.0,140.0,55562.76000000005,37569.79999999999,10020.0
533.0,137.0,141.0,55572.660000000054,37569.79999999999,10020.0
534.0,137.0,142.0,55589.660000000054,37569.79999999999,10020.0
535.0,137.0,143.0,55597.36000000005,37569.79999999999,10020.0
536.0,137.0,144.0,55606.26000000005,37569.79999999999,10020.0
537.0,137.0,145.0,55608.76000000005,37569.79999999999,10020.0
538.0,137.0,146.0,55612.660000000054,37569.79999999999,10020.0
539.0,137.0,147.0,55619.660000000054,37569.79999999999,10020.0
540.0,137.0,148.0,55627.36000000005,37569.79999999999,10020.0
541.0,137.0,149.0,55632.36000000005,37569.79999999999,10020.0
541.0,137.0,150.0,55632.36000000005,37569.79999999999,10025.0
542.0,137.0,151.0,55640.86000000005,37569.79999999999,10025.0
542.0,137.0,152.0,55640.86000000005,37569.79999999999,10035.0
543.0,137.0,153.0,55641.86000000005,37569.79999999999,10035.0
544.0,137.0,153.0,56841.86000000005,37569.79999999999,10035.0
544.0,137.0,153.0,56844.86000000005,37569.79999999999,10035.0
544.0,137.0,154.0,56844.86000000005,37569.79999999999,10062.0
545.0,137.0,154.0,56849.86000000005,37569.79999999999,10062.0
545.0,137.0,155.0,56849.86000000005,37569.79999999999,10082.0
545.0,137.0,156.0,56849.86000000005,37569.79999999999,10102.0
545.0,137.0,157.0,56849.86000000005,37569.79999999999,10122.0
545.0,137.0,158.0,56849.86000000005,37569.79999999999,10423.0
545.0,137.0,159.0,56849.86000000005,37569.79999999999,10486.0
546.0,137.0,160.0,57033.86000000005,37569.79999999999,10486.0
546.0,137.0,161.0,57095.86000000005,37569.79999999999,10486.0
547.0,137.0,162.0,57183.86000000005,37569.79999999999,10486.0
548.0,137.0,162.0,57258.86000000005,37569.79999999999,10486.0
549.0,137.0,162.0,57408.86000000005,37569.79999999999,10486.0
550.0,137.0,162.0,57708.86000000005,37569.79999999999,10486.0
551.0,137.0,162.0,57858.86000000005,37569.79999999999,10486.0
552.0,137.0,162.0,57883.86000000005,37569.79999999999,10486.0
552.0,137.0,163.0,57883.86000000005,37569.79999999999,10641.0
552.0,137.0,164.0,57883.86000000005,37569.79999999999,10701.0
552.0,137.0,165.0,57883.86000000005,37569.79999999999,10752.0
552.0,137.0,166.0,57883.86000000005,37569.79999999999,10768.0
552.0,137.0,167.0,57883.86000000005,37569.79999999999,11083.0
553.0,137.0,168.0,57987.86000000005,37569.79999999999,11083.0
554.0,137.0,169.0,58079.86000000005,37569.79999999999,11083.0
555.0,137.0,169.0,58984.86000000005,37569.79999999999,11083.0
556.0,137.0,169.0,59303.86000000005,37569.79999999999,11083.0
555.0,137.0,169.0,59300.06000000005,37569.79999999999,11103.0
556.0,137.0,170.0,59460.06000000005,37569.79999999999,11103.0
557.0,137.0,171.0,59462.760000000046,37569.79999999999,11103.0
556.0,137.0,172.0,59424.760000000046,37569.79999999999,11184.0
557.0,137.0,172.0,59757.760000000046,37569.79999999999,11184.0
557.0,137.0,173.0,59757.760000000046,37569.79999999999,11236.0
557.0,137.0,174.0,59757.760000000046,37569.79999999999,11336.0
558.0,136.0,175.0,59764.760000000046,37219.79999999999,11336.0
559.0,136.0,176.0,59768.260000000046,37219.79999999999,11336.0
560.0,136.0,177.0,59772.260000000046,37219.79999999999,11336.0
561.0,136.0,178.0,59773.96000000004,37219.79999999999,11336.0
562.0,136.0,179.0,59783.96000000004,37219.79999999999,11336.0
563.0,136.0,180.0,59801.96000000004,37219.79999999999,11336.0
564.0,136.0,181.0,59806.96000000004,37219.79999999999,11336.0
565.0,136.0,182.0,59811.06000000004,37219.79999999999,11336.0
566.0,136.0,183.0,59826.06000000004,37219.79999999999,11336.0
567.0,136.0,184.0,59830.66000000004,37219.79999999999,11336.0
568.0,136.0,185.0,59835.66000000004,37219.79999999999,11336.0
569.0,136.0,186.0,59852.66000000004,37219.79999999999,11336.0
570.0,136.0,187.0,59859.46000000004,37219.79999999999,11336.0
571.0,136.0,188.0,59864.46000000004,37219.79999999999,11336.0
571.0,136.0,189.0,59864.46000000004,37219.79999999999,11381.0
572.0,136.0,190.0,59869.06000000004,37219.79999999999,11381.0
573.0,136.0,191.0,59870.56000000004,37219.79999999999,11381.0
574.0,136.0,192.0,59873.56000000004,37219.79999999999,11381.0
575.0,136.0,193.0,59877.26000000004,37219.79999999999,11381.0
574.0,136.0,194.0,59873.960000000036,37219.79999999999,11381.0
574.0,136.0,195.0,59873.960000000036,37219.79999999999,11476.0
573.0,136.0,195.0,59937.16000000003,37219.79999999999,11476.0
574.0,136.0,196.0,60142.16000000003,37219.79999999999,11476.0
574.0,136.0,197.0,60142.16000000003,37219.79999999999,11601.0
575.0,136.0,197.0,61342.16000000003,37219.79999999999,11601.0
575.0,136.0,198.0,61342.16000000003,37219.79999999999,11759.0
576.0,136.0,198.0,61417.16000000003,37219.79999999999,11759.0
577.0,136.0,199.0,61419.66000000003,37219.79999999999,11759.0
577.0,136.0,200.0,61419.66000000003,37219.79999999999,11769.0
577.0,136.0,201.0,61419.66000000003,37219.79999999999,11774.0
577.0,136.0,202.0,61419.66000000003,37219.79999999999,11781.0
577.0,136.0,203.0,61419.66000000003,37219.79999999999,11785.9
577.0,136.0,204.0,61419.66000000003,37219.79999999999,11790.8
578.0,136.0,205.0,61421.16000000003,37219.79999999999,11790.8
578.0,136.0,206.0,61421.16000000003,37219.79999999999,11799.3
578.0,136.0,207.0,61421.16000000003,37219.79999999999,11811.3
578.0,136.0,208.0,61421.16000000003,37219.79999999999,11930.3
579.0,136.0,208.0,61891.16000000003,37219.79999999999,11930.3
579.0,136.0,209.0,61891.16000000003,37219.79999999999,12037.3
580.0,136.0,210.0,61993.16000000003,37219.79999999999,12037.3
579.0,136.0,211.0,61978.16000000003,37219.79999999999,12179.3
579.0,136.0,212.0,61978.16000000003,37219.79999999999,12396.3
579.0,136.0,213.0,61978.16000000003,37219.79999999999,12451.3
579.0,136.0,214.0,61978.16000000003,37219.79999999999,12759.3
579.0,136.0,215.0,61978.16000000003,37219.79999999999,12799.3
578.0,136.0,216.0,61938.16000000003,37219.79999999999,13069.3
579.0,136.0,216.0,61992.16000000003,37219.79999999999,13069.3
580.0,136.0,216.0,62013.16000000003,37219.79999999999,13069.3
581.0,136.0,216.0,62060.16000000003,37219.79999999999,13069.3
581.0,136.0,217.0,62060.16000000003,37219.79999999999,13369.3
581.0,136.0,218.0,62060.16000000003,37219.79999999999,13575.3
581.0,136.0,219.0,62060.16000000003,37219.79999999999,13668.3
580.0,136.0,220.0,61985.16000000003,37219.79999999999,13798.3
580.0,136.0,221.0,61985.16000000003,37219.79999999999,13928.3
579.0,136.0,222.0,61875.16000000003,37219.79999999999,14203.3
579.0,136.0,223.0,61875.16000000003,37219.79999999999,14460.3
579.0,136.0,224.0,61875.16000000003,37219.79999999999,15127.3
579.0,136.0,225.0,61875.16000000003,37219.79999999999,15677.3
577.0,136.0,225.0,61718.16000000003,37219.79999999999,15677.3
575.0,136.0,226.0,60722.16000000003,37219.79999999999,15752.3
575.0,136.0,227.0,60722.16000000003,37219.79999999999,15948.3
576.0,136.0,228.0,60727.36000000003,37219.79999999999,15948.3
576.0,136.0,229.0,60727.36000000003,37219.79999999999,15953.4
577.0,136.0,230.0,60746.36000000003,37219.79999999999,15953.4
577.0,136.0,231.0,60746.36000000003,37219.79999999999,16216.4
577.0,136.0,232.0,60746.36000000003,37219.79999999999,16505.4
577.0,136.0,233.0,60746.36000000003,37219.79999999999,16794.4
577.0,136.0,234.0,60746.36000000003,37219.79999999999,16930.4
577.0,136.0,235.0,60746.36000000003,37219.79999999999,17086.4
578.0,136.0,235.0,61641.36000000003,37219.79999999999,17086.4
579.0,136.0,235.0,61791.36000000003,37219.79999999999,17086.4
579.0,136.0,236.0,61791.36000000003,37219.79999999999,17186.4
579.0,136.0,237.0,61791.36000000003,37219.79999999999,17196.4
579.0,136.0,237.0,61791.36000000003,37219.79999999999,17196.4
580.0,136.0,237.0,62673.36000000003,37219.79999999999,17196.4
580.0,136.0,238.0,62673.36000000003,37219.79999999999,17799.4
580.0,136.0,239.0,62673.36000000003,37219.79999999999,18100.4
580.0,136.0,240.0,62673.36000000003,37219.79999999999,18502.4
581.0,136.0,240.0,62675.36000000003,37219.79999999999,18502.4
581.0,136.0,241.0,62675.36000000003,37219.79999999999,18703.4
581.0,136.0,242.0,62675.36000000003,37219.79999999999,19004.4
581.0,136.0,243.0,62675.36000000003,37219.79999999999,19245.4
581.0,136.0,244.0,62675.36000000003,37219.79999999999,19516.4
581.0,136.0,245.0,62675.36000000003,37219.79999999999,20259.4
580.0,136.0,246.0,62655.36000000003,37219.79999999999,20485.4
579.0,136.0,246.0,62645.86000000003,37219.79999999999,20811.4
580.0,136.0,246.0,62862.86000000003,37219.79999999999,20811.4
581.0,136.0,246.0,63080.86000000003,37219.79999999999,20811.4
581.0,136.0,247.0,63080.86000000003,37219.79999999999,20991.4
581.0,136.0,248.0,63080.86000000003,37219.79999999999,21096.4
582.0,136.0,249.0,63219.86000000003,37219.79999999999,21096.4
581.0,136.0,250.0,63193.86000000003,37219.79999999999,21196.4
581.0,136.0,251.0,63193.86000000003,37219.79999999999,21429.4
581.0,136.0,252.0,63193.86000000003,37219.79999999999,21729.4
581.0,137.0,252.0,63193.86000000003,37452.79999999999,21729.4
581.0,137.0,253.0,63193.86000000003,37452.79999999999,21783.4
581.0,137.0,254.0,63193.86000000003,37452.79999999999,22067.4
581.0,137.0,255.0,63193.86000000003,37452.79999999999,22167.4
581.0,137.0,256.0,63193.86000000003,37452.79999999999,22187.4
581.0,137.0,257.0,63193.86000000003,37452.79999999999,22289.4
580.0,137.0,258.0,63140.86000000003,37452.79999999999,22391.4
580.0,137.0,259.0,63140.86000000003,37452.79999999999,22483.4
580.0,137.0,260.0,63140.86000000003,37452.79999999999,22585.4
580.0,137.0,261.0,63140.86000000003,37452.79999999999,22757.4
580.0,137.0,262.0,63140.86000000003,37452.79999999999,23062.4
581.0,137.0,263.0,63169.86000000003,37452.79999999999,23062.4
581.0,137.0,264.0,63169.86000000003,37452.79999999999,23064.4
582.0,137.0,265.0,63173.86000000003,37452.79999999999,23064.4
583.0,137.0,266.0,63180.86000000003,37452.79999999999,23064.4
584.0,137.0,267.0,63183.06000000003,37452.79999999999,23064.4
584.0,137.0,268.0,63183.06000000003,37452.79999999999,23069.4
585.0,137.0,269.0,63192.160000000025,37452.79999999999,23069.4
586.0,137.0,270.0,63196.160000000025,37452.79999999999,23069.4
586.0,137.0,270.0,63196.160000000025,37452.79999999999,23069.4
586.0,137.0,271.0,63196.160000000025,37452.79999999999,23331.4
586.0,137.0,272.0,63196.160000000025,37452.79999999999,23511.4
586.0,137.0,273.0,63196.160000000025,37452.79999999999,23811.4
586.0,137.0,274.0,63196.160000000025,37452.79999999999,24007.4
586.0,137.0,275.0,63196.160000000025,37452.79999999999,24116.4
586.0,137.0,276.0,63196.160000000025,37452.79999999999,24225.4
586.0,137.0,277.0,63196.160000000025,37452.79999999999,24423.4
586.0,137.0,278.0,63196.160000000025,37452.79999999999,24599.4
586.0,137.0,279.0,63196.160000000025,37452.79999999999,24925.4
586.0,137.0,280.0,63196.160000000025,37452.79999999999,24966.4
586.0,137.0,281.0,63196.160000000025,37452.79999999999,25118.4
586.0,137.0,282.0,63196.160000000025,37452.79999999999,25320.4
586.0,137.0,283.0,63196.160000000025,37452.79999999999,25850.4
587.0,137.0,283.0,63450.160000000025,37452.79999999999,25850.4
588.0,137.0,283.0,63552.160000000025,37452.79999999999,25850.4
589.0,137.0,283.0,63749.160000000025,37452.79999999999,25850.4
589.0,137.0,284.0,63749.160000000025,37452.79999999999,26088.4
589.0,137.0,285.0,63749.160000000025,37452.79999999999,26095.4
589.0,137.0,286.0,63749.160000000025,37452.79999999999,26352.4
589.0,137.0,287.0,63749.160000000025,37452.79999999999,26512.4
589.0,137.0,288.0,63749.160000000025,37452.79999999999,26612.4
588.0,137.0,289.0,63731.160000000025,37452.79999999999,26912.4
588.0,137.0,290.0,63731.160000000025,37452.79999999999,27016.4
588.0,137.0,291.0,63731.160000000025,37452.79999999999,27168.4
588.0,137.0,292.0,63731.160000000025,37452.79999999999,27319.4
588.0,137.0,293.0,63731.160000000025,37452.79999999999,27471.4
588.0,137.0,294.0,63731.160000000025,37452.79999999999,27574.4
588.0,137.0,295.0,63731.160000000025,37452.79999999999,27777.4
588.0,137.0,296.0,63731.160000000025,37452.79999999999,28027.4
589.0,137.0,296.0,63783.160000000025,37452.79999999999,28027.4
590.0,137.0,296.0,63834.160000000025,37452.79999999999,28027.4
591.0,137.0,296.0,63839.160000000025,37452.79999999999,28027.4
592.0,137.0,296.0,63841.160000000025,37452.79999999999,28027.4
593.0,137.0,296.0,63854.160000000025,37452.79999999999,28027.4
594.0,137.0,296.0,63855.760000000024,37452.79999999999,28027.4
595.0,137.0,296.0,63859.660000000025,37452.79999999999,28027.4
596.0,137.0,296.0,63863.06000000003,37452.79999999999,28027.4
597.0,137.0,296.0,65172.06000000003,37452.79999999999,28027.4
598.0,137.0,296.0,65174.96000000003,37452.79999999999,28027.4
599.0,137.0,296.0,65179.86000000003,37452.79999999999,28027.4
600.0,137.0,296.0,65181.86000000003,37452.79999999999,28027.4
601.0,137.0,296.0,65185.76000000003,37452.79999999999,28027.4
602.0,137.0,296.0,65202.76000000003,37452.79999999999,28027.4
602.0,137.0,297.0,65202.76000000003,37452.79999999999,28178.4
603.0,137.0,297.0,65218.76000000003,37452.79999999999,28178.4
603.0,137.0,298.0,65218.76000000003,37452.79999999999,28894.4
603.0,138.0,296.0,65218.76000000003,37662.79999999999,28754.4
603.0,138.0,294.0,65218.76000000003,37662.79999999999,28386.4
604.0,138.0,294.0,65226.76000000003,37662.79999999999,28386.4
604.0,138.0,292.0,65229.76000000003,37662.79999999999,28006.4
605.0,138.0,292.0,65264.76000000003,37662.79999999999,28006.4
606.0,138.0,293.0,65292.76000000003,37662.79999999999,28006.4
605.0,138.0,294.0,65276.76000000003,37662.79999999999,28082.4
605.0,138.0,295.0,65276.76000000003,37662.79999999999,28217.4
605.0,138.0,296.0,65276.76000000003,37662.79999999999,28286.4
605.0,138.0,297.0,65276.76000000003,37662.79999999999,28476.4
605.0,138.0,298.0,65276.76000000003,37662.79999999999,28584.4
605.0,138.0,299.0,65276.76000000003,37662.79999999999,28822.4
604.0,138.0,297.0,65090.76000000003,37662.79999999999,28537.4
604.0,138.0,298.0,65090.76000000003,37662.79999999999,28547.4
604.0,138.0,299.0,65090.76000000003,37662.79999999999,28552.4
604.0,138.0,300.0,65090.76000000003,37662.79999999999,28562.4
604.0,138.0,300.0,65090.76000000003,37662.79999999999,28312.4
606.0,138.0,300.0,65097.96000000003,37662.79999999999,28312.4
607.0,138.0,300.0,65099.96000000003,37662.79999999999,28312.4
608.0,138.0,300.0,65104.46000000003,37662.79999999999,28312.4
609.0,138.0,300.0,65109.36000000003,37662.79999999999,28312.4
610.0,138.0,300.0,65114.36000000003,37662.79999999999,28312.4
611.0,138.0,300.0,65119.36000000003,37662.79999999999,28312.4
